Value,Count
Technical,6417
Software Engineering,2598
General,441
Behavioral,60
Prompt Engineer,28
Software Developer,26
Machine Learning Engineer,26
Blockchain Engineer,26
Quantum Computing Specialist,24
System Design,24
Project Manager,23
Cloud Engineer,22
Cybersecurity Engineer,21
Backend Developer,21
Frontend Developer,20
Product Manager,20
Cloud Architect,19
Cybersecurity Analyst,19
DevOps Engineer,19
Big Data Engineer,18
Software Engineer,18
Business Development Manager,17
Nurse,17
Social Media Manager,17
Site Reliability Engineer,17
Operations Manager,16
AI Ethics Officer,16
Marketing Manager,16
Mental Health Practitioner,16
Mobile Applications Developer,16
Data Scientist,16
AI Engineer,15
Market Research Analyst,15
MLOps Specialist,15
Full-Stack Developer,15
Financial Analyst,15
DevOps,15
Human Resources Manager,15
UI/UX Designer,14
Digital Marketing Specialist,14
Brand Manager,14
Customer Success Manager,13
Restaurant Specialist,13
Dentist,13
Security,13
Business Analyst,13
Director of Operations,12
Content Manager,11
Data Structures,11
Sales Representative,10
Web Development,10
Version Control,10
Counselor,10
Languages and Frameworks,10
Database and SQL,10
Software Testing,10
Algorithms,10
Account Manager,9
Salesperson,9
General Programming,9
Front-end,8
Back-end,7
Distributed Systems,5
Machine Learning,5
Full-stack,4
Low-level Systems,3
Networking,3
Database Systems,3
Data Engineering,2
General Program,1
Artificial Intelligence,1
